Weight,optimizer,portfolio
0.111060227524162,pypfopt,portfolio_optimization_20250714_152306
0.0545984326676709,pypfopt,portfolio_optimization_20250714_152306
0.0465475503090971,pypfopt,portfolio_optimization_20250714_152306
0.0393924349664,pypfopt,portfolio_optimization_20250714_152306
0.0244204975689632,pypfopt,portfolio_optimization_20250714_152306
0.0256359123311635,pypfopt,portfolio_optimization_20250714_152306
0.4798916191638233,pypfopt,portfolio_optimization_20250714_152306
0.0313575929394624,pypfopt,portfolio_optimization_20250714_152306
0.0055948429752147,pypfopt,portfolio_optimization_20250714_152306
0.037110794703732,pypfopt,portfolio_optimization_20250714_152306
0.0460898853476004,pypfopt,portfolio_optimization_20250714_152306
0.0289677975774665,pypfopt,portfolio_optimization_20250714_152306
0.0309930186741465,pypfopt,portfolio_optimization_20250714_152306
0.0383393932510969,pypfopt,portfolio_optimization_20250714_152306
0.0714285714285714,riskfolio,riskfolio_risk_parity_20250714_162236
0.0714285714285714,riskfolio,riskfolio_risk_parity_20250714_162236
0.0714285714285714,riskfolio,riskfolio_risk_parity_20250714_162236
0.0714285714285714,riskfolio,riskfolio_risk_parity_20250714_162236
0.0714285714285714,riskfolio,riskfolio_risk_parity_20250714_162236
0.0714285714285714,riskfolio,riskfolio_risk_parity_20250714_162236
0.0714285714285714,riskfolio,riskfolio_risk_parity_20250714_162236
0.0714285714285714,riskfolio,riskfolio_risk_parity_20250714_162236
0.0714285714285714,riskfolio,riskfolio_risk_parity_20250714_162236
0.0714285714285714,riskfolio,riskfolio_risk_parity_20250714_162236
0.0714285714285714,riskfolio,riskfolio_risk_parity_20250714_162236
0.0714285714285714,riskfolio,riskfolio_risk_parity_20250714_162236
0.0714285714285714,riskfolio,riskfolio_risk_parity_20250714_162236
0.0714285714285714,riskfolio,riskfolio_risk_parity_20250714_162236
0.0714285714285714,riskfolio,riskfolio_risk_parity_20250715_110512
0.0714285714285714,riskfolio,riskfolio_risk_parity_20250715_110512
0.0714285714285714,riskfolio,riskfolio_risk_parity_20250715_110512
0.0714285714285714,riskfolio,riskfolio_risk_parity_20250715_110512
0.0714285714285714,riskfolio,riskfolio_risk_parity_20250715_110512
0.0714285714285714,riskfolio,riskfolio_risk_parity_20250715_110512
0.0714285714285714,riskfolio,riskfolio_risk_parity_20250715_110512
0.0714285714285714,riskfolio,riskfolio_risk_parity_20250715_110512
0.0714285714285714,riskfolio,riskfolio_risk_parity_20250715_110512
0.0714285714285714,riskfolio,riskfolio_risk_parity_20250715_110512
0.0714285714285714,riskfolio,riskfolio_risk_parity_20250715_110512
0.0714285714285714,riskfolio,riskfolio_risk_parity_20250715_110512
0.0714285714285714,riskfolio,riskfolio_risk_parity_20250715_110512
0.0714285714285714,riskfolio,riskfolio_risk_parity_20250715_110512
